model,rank,subsample,scale_pos_weight,reg_lambda,n_estimators,min_child_weight,max_depth,learning_rate,gamma,colsample_bytree,cv_PR-AUC,cv_std,mean_fit_seconds,logisticregression__C,logisticregression__class_weight
XGBoost (random search),1,0.8,336.3,1.0,100.0,1.0,5.0,0.05,0.0,1.0,0.9986891310266013,0.001112208944897474,1.9233100414276123,,
XGBoost (random search),2,1.0,336.3,10.0,100.0,5.0,4.0,0.3,5.0,1.0,0.9986259590253895,0.0012739466163568032,1.3172174294789631,,
XGBoost (random search),3,0.8,18.3,1.0,100.0,1.0,4.0,0.3,5.0,1.0,0.9985642808484246,0.0008062990984243539,1.7721065680185955,,
XGBoost (random search),4,0.6,18.3,10.0,100.0,1.0,6.0,0.1,1.0,0.8,0.9984740254262778,0.0010940409276453652,1.949177344640096,,
XGBoost (random search),5,0.8,336.3,10.0,200.0,1.0,3.0,0.05,0.0,0.6,0.9984278618941073,0.0012870136104153264,3.868474324544271,,
XGBoost (random search),6,1.0,18.3,1.0,100.0,5.0,4.0,0.05,0.0,0.8,0.9983782719307136,0.0005023956931307405,1.1536096731821697,,
XGBoost (random search),7,0.6,336.3,5.0,100.0,1.0,6.0,0.03,0.0,1.0,0.9983646830212544,0.0009919126340844238,1.9101468722025554,,
XGBoost (random search),8,1.0,1.0,5.0,400.0,1.0,4.0,0.1,0.0,1.0,0.9983606615507238,0.0013331937611942685,4.253335158030192,,
XGBoost (random search),9,1.0,18.3,10.0,100.0,1.0,8.0,0.2,0.0,1.0,0.9983566550187722,0.001180051328023374,1.183901071548462,,
XGBoost (random search),10,0.8,18.3,5.0,400.0,5.0,4.0,0.05,1.0,1.0,0.9983488391824055,0.0010395380782633895,5.446987549463908,,
XGBoost (random search),11,0.8,18.3,10.0,200.0,1.0,8.0,0.2,1.0,1.0,0.9983297531997084,0.001082342320726977,2.8188374042510986,,
XGBoost (random search),12,1.0,336.3,1.0,400.0,5.0,3.0,0.05,1.0,0.8,0.9982851436321162,0.001217033470798794,4.604177236557007,,
XGBoost (random search),13,0.6,336.3,5.0,400.0,10.0,5.0,0.03,0.0,0.8,0.9982601706982491,0.0013889931337345493,9.341471910476685,,
XGBoost (random search),14,1.0,336.3,5.0,200.0,10.0,3.0,0.03,0.0,0.8,0.9981991628526066,0.0012144642365284407,2.699084917704264,,
XGBoost (random search),15,0.6,336.3,10.0,400.0,1.0,4.0,0.03,1.0,0.6,0.9981954256023601,0.0015952611386548122,7.102376461029053,,
XGBoost (random search),16,0.8,336.3,10.0,200.0,1.0,5.0,0.3,5.0,0.8,0.9980428624729955,0.0012291551786550025,3.6729819774627686,,
XGBoost (random search),17,0.6,336.3,5.0,200.0,10.0,8.0,0.03,5.0,0.8,0.9980371752684101,0.0013895912257332393,6.496603965759277,,
XGBoost (random search),18,1.0,1.0,10.0,400.0,1.0,4.0,0.1,0.0,0.6,0.9979758712222743,0.0018807427134135332,6.249133348464966,,
XGBoost (random search),19,0.6,18.3,5.0,400.0,10.0,3.0,0.2,5.0,0.6,0.9978948207725301,0.00104525755956895,6.003510475158691,,
XGBoost (random search),20,0.6,18.3,1.0,100.0,1.0,3.0,0.1,0.0,0.6,0.9978939334281236,0.0012329141578872078,1.7955629030863445,,
XGBoost (random search),21,0.8,336.3,10.0,100.0,5.0,4.0,0.3,1.0,0.6,0.9978234756766905,0.0013885175831690466,1.8609422047932942,,
XGBoost (random search),22,0.8,18.3,5.0,200.0,1.0,6.0,0.03,0.0,0.6,0.9977402156430872,0.0010429773133782056,3.4298218886057534,,
XGBoost (random search),23,0.8,336.3,5.0,200.0,5.0,3.0,0.3,0.0,1.0,0.9977349953360811,0.000944703540957587,4.0267744064331055,,
XGBoost (random search),24,1.0,18.3,10.0,200.0,5.0,6.0,0.03,0.0,0.6,0.9976905711864174,0.0010696771303360846,3.043093283971151,,
XGBoost (random search),25,1.0,1.0,5.0,100.0,5.0,3.0,0.2,0.0,0.8,0.997240796644893,0.0014872764840912983,1.064057429631551,,
XGBoost (random search),26,0.8,1.0,10.0,100.0,1.0,6.0,0.2,1.0,0.8,0.9971878422835271,0.0015532038972997644,1.5418402353922527,,
XGBoost (random search),27,0.8,1.0,10.0,400.0,5.0,6.0,0.3,5.0,1.0,0.997147613285569,0.001496561141041378,5.639400800069173,,
XGBoost (random search),28,1.0,1.0,10.0,100.0,1.0,8.0,0.05,1.0,1.0,0.9971307729962228,0.0016254432307366315,1.3198775450388591,,
XGBoost (random search),29,1.0,1.0,5.0,400.0,10.0,4.0,0.05,0.0,0.6,0.9970103817995758,0.0015311514226672431,3.556652307510376,,
XGBoost (random search),30,0.8,1.0,10.0,400.0,5.0,3.0,0.05,0.0,1.0,0.9970016112763035,0.0015279675025146884,6.914126952489217,,
XGBoost (random search),31,0.8,1.0,1.0,200.0,10.0,3.0,0.03,1.0,0.6,0.9969703253150355,0.0014941301420048733,3.5793078740437827,,
XGBoost (random search),32,0.8,1.0,1.0,400.0,5.0,6.0,0.05,5.0,1.0,0.9969245122994458,0.0014607931497619471,7.1593226591746015,,
XGBoost (random search),33,0.6,1.0,1.0,200.0,10.0,3.0,0.03,0.0,0.6,0.9969170541782475,0.0014809644101076809,5.175339937210083,,
XGBoost (random search),34,0.6,1.0,10.0,400.0,1.0,5.0,0.3,5.0,0.6,0.9968736846463759,0.0014759924405523012,6.351484855016072,,
XGBoost (random search),35,1.0,1.0,1.0,100.0,10.0,6.0,0.03,0.0,0.8,0.9968457604960773,0.001365516154370046,1.7319145202636719,,
XGBoost (random search),36,0.6,1.0,5.0,200.0,10.0,5.0,0.05,0.0,0.6,0.9968045611835553,0.0014146897051205073,4.4134007294972735,,
XGBoost (random search),37,0.6,1.0,1.0,100.0,1.0,3.0,0.2,5.0,0.6,0.9965001464292188,0.0012868165417312869,1.8360636234283447,,
XGBoost (random search),38,0.8,1.0,10.0,200.0,10.0,4.0,0.3,0.0,0.6,0.9948498430999125,2.97410360137025e-05,4.234869003295898,,
XGBoost (random search),39,0.6,1.0,1.0,400.0,10.0,4.0,0.3,1.0,0.6,0.9947506365125472,0.00013808379123382718,7.446877082188924,,
XGBoost (random search),40,1.0,1.0,1.0,100.0,5.0,8.0,0.2,5.0,0.6,0.9898286686305721,0.001894420287190829,1.070539156595866,,
Logistic regression (grid search),1,,,,,,,,,,0.9934953846443079,0.0006991168674585787,0.6767733891805013,0.01,
Logistic regression (grid search),2,,,,,,,,,,0.9930914013420072,0.0011139989977215752,0.5243079662322998,0.1,
Logistic regression (grid search),3,,,,,,,,,,0.9929814304519126,0.0012037542348870712,0.6625285148620605,1.0,
Logistic regression (grid search),4,,,,,,,,,,0.9929687149040745,0.0012171325076458744,0.5898187160491943,10.0,
Logistic regression (grid search),5,,,,,,,,,,0.992967945909407,0.0012182537155366558,0.5455576578776041,100.0,
Logistic regression (grid search),6,,,,,,,,,,0.9910852795387101,0.003946649496796812,1.0981430212656658,0.01,balanced
Logistic regression (grid search),7,,,,,,,,,,0.9905610276384111,0.0035718855971569076,1.1629541714986165,0.1,balanced
Logistic regression (grid search),8,,,,,,,,,,0.98463909707307,0.0047762651235411634,1.3071351051330566,1.0,balanced
Logistic regression (grid search),9,,,,,,,,,,0.9773706362911542,0.009530050888969412,1.3266790707906086,10.0,balanced
Logistic regression (grid search),10,,,,,,,,,,0.9756958029356958,0.010871722706261801,1.2719001770019531,100.0,balanced
