country,cluster,cluster_name,PC1,PC2,tSNE1,tSNE2,dbscan_noise
Afghanistan,1,"Low income, high child mortality",3.4071957099125965,-0.0800139556978918,23.829844,18.774054,False
Albania,2,"Middle income, in transition",-0.6623193802954624,-0.2094394025246654,-2.861764,-4.539644,False
Algeria,2,"Middle income, in transition",0.3053156108640931,-0.6663998569531305,0.49857584,8.705305,False
Angola,1,"Low income, high child mortality",2.4153129783300633,0.8650530449620643,-0.5608894,14.892425,False
Antigua and Barbuda,3,"High income, long-lived",-1.5010000734956592,0.47491511925784885,-10.025047,-5.6064157,False
Argentina,2,"Middle income, in transition",-0.21092826016020402,-2.357522518469084,4.9677453,-11.126646,False
Armenia,2,"Middle income, in transition",0.12571190811931532,-0.43118225609624194,-1.943157,-2.4244113,False
Australia,3,"High income, long-lived",-2.564761342256223,-2.158657394964699,-22.115757,-20.751211,False
Austria,3,"High income, long-lived",-3.4082286912061934,-0.2834909458344852,-21.067987,-13.585145,False
Azerbaijan,2,"Middle income, in transition",0.11063672999799458,-0.7578174937327465,-1.4647576,7.2955623,False
Bahamas,3,"High income, long-lived",-1.6939171857807842,-0.15838169052664958,-11.474936,-7.920259,False
Bahrain,3,"High income, long-lived",-1.817984139176754,0.3532090215621518,-9.332377,3.6567166,False
Bangladesh,1,"Low income, high child mortality",1.968140730443992,-1.1043536443483868,6.520367,16.073137,False
Barbados,3,"High income, long-lived",-1.6105782208394506,0.061750008540868144,-10.37019,-7.7713766,False
Belarus,2,"Middle income, in transition",-1.1234346302761469,0.5336905414489985,-6.803844,-14.480933,False
Belgium,3,"High income, long-lived",-3.2983200444832748,0.9157988798801902,-21.070383,-9.831933,False
Belize,2,"Middle income, in transition",-0.21440856695426402,1.1328819535765127,9.339096,1.2835616,False
Benin,1,"Low income, high child mortality",2.8321900208158826,0.45927750334441736,19.419598,22.726103,False
Bhutan,2,"Middle income, in transition",0.4836986942235094,1.1296488184560871,12.047581,1.1928574,False
Bolivia,2,"Middle income, in transition",1.1529408256814282,-0.005652545081351933,7.139324,11.076206,False
Bosnia and Herzegovina,3,"High income, long-lived",-1.6552474468629936,-0.1739288476978435,-6.6269245,-10.106108,False
Botswana,2,"Middle income, in transition",0.7608979360437623,0.6320733417473203,8.462699,4.984312,False
Brazil,2,"Middle income, in transition",-0.2512601930544414,-2.7771251523628453,3.155077,-11.302795,False
Brunei,2,"Middle income, in transition",-1.8862467296825816,-0.831820180096419,-9.718509,7.9498816,False
Bulgaria,3,"High income, long-lived",-1.4409801555063746,0.4964022268987418,-8.481474,-5.664757,False
Burkina Faso,1,"Low income, high child mortality",3.3517039369361945,-0.16101899902086542,22.260271,18.468819,False
Burundi,1,"Low income, high child mortality",3.8140297139822885,-0.3299547392578558,25.304878,15.606301,False
Cambodia,1,"Low income, high child mortality",1.3436839376948186,1.4874594705227815,13.659449,4.437421,False
Cameroon,1,"Low income, high child mortality",2.7427677249575755,-0.12357619798950419,20.56031,21.890041,False
Canada,3,"High income, long-lived",-2.822396595028413,-1.4793644839847917,-22.15377,-18.08447,False
Cape Verde,2,"Middle income, in transition",0.28160524451638363,0.8443428768160269,4.2691956,0.6081302,False
Central African Republic,1,"Low income, high child mortality",3.9998411999615753,-0.22615421795902815,21.652243,23.46585,False
Chad,1,"Low income, high child mortality",3.1492024718972704,0.9374150791307455,18.042727,15.615387,False
Chile,3,"High income, long-lived",-1.491772262297925,-1.0269320627223526,-0.69015193,-9.875578,False
China,2,"Middle income, in transition",-0.29261168998750026,-1.3076798567339665,4.3742085,-7.9107075,False
Colombia,2,"Middle income, in transition",-0.2801943776323827,-1.9373934482014132,2.5419133,-9.912234,False
Comoros,1,"Low income, high child mortality",2.7371419002441932,0.4680552016960538,16.74271,21.028717,False
"Congo, Dem. Rep.",1,"Low income, high child mortality",3.6318046885624207,1.0555868036864675,20.8026,14.972392,False
"Congo, Rep.",2,"Middle income, in transition",1.9639728664301725,1.5682171642230618,-0.6118241,15.674238,False
Costa Rica,3,"High income, long-lived",-1.3987789405059134,-0.9128382107885737,-1.8011168,-10.310063,False
Cote d'Ivoire,1,"Low income, high child mortality",2.52134574741126,1.1255075744989267,17.431337,14.41423,False
Croatia,3,"High income, long-lived",-2.003207831608427,-0.4877387091978468,-11.065315,-10.065587,False
Cyprus,3,"High income, long-lived",-2.958301387411229,0.09160189301201883,-15.080083,-9.619412,False
Czech Republic,3,"High income, long-lived",-3.1061036990226154,0.9006974964991212,-18.471695,-7.1470823,False
Denmark,3,"High income, long-lived",-3.035655557900046,-0.4892934779454836,-22.983856,-13.504947,False
Dominican Republic,2,"Middle income, in transition",0.22820236583904427,-0.7895555904936271,2.9579232,-4.05961,False
Ecuador,2,"Middle income, in transition",-0.007813051989443046,-0.8026934338760129,2.2067394,-4.9394226,False
Egypt,2,"Middle income, in transition",1.0915130632655232,-1.0045422329966969,5.13845,11.243754,False
El Salvador,2,"Middle income, in transition",-0.04414315018402969,-0.05457109704617419,1.677151,-1.6547852,False
Equatorial Guinea,2,"Middle income, in transition",0.8811183284367841,1.2594157285905445,-2.098344,14.286178,True
Eritrea,1,"Low income, high child mortality",3.6703898490691436,-1.3904456065100277,6.983072,19.501795,False
Estonia,3,"High income, long-lived",-2.3188251852186883,1.1081741466373827,-14.154044,-3.3806543,False
Fiji,2,"Middle income, in transition",0.35895240359753744,1.3620053475347524,11.011459,2.8288763,False
Finland,3,"High income, long-lived",-2.972557384130125,-0.7927605648295738,-22.82579,-16.022684,False
France,3,"High income, long-lived",-2.698969429890952,-1.5563809645878675,-23.222448,-19.480953,False
Gabon,2,"Middle income, in transition",1.2898981026826057,-0.531392968055975,-1.362082,11.172451,False
Gambia,1,"Low income, high child mortality",2.7294129769664814,0.43219966269492116,18.16505,20.229008,False
Georgia,2,"Middle income, in transition",-0.2488552440993133,0.13662987090360645,-4.6043324,-12.626833,False
Germany,3,"High income, long-lived",-3.2573675214916267,-0.8191284878999209,-20.708248,-15.343495,False
Ghana,1,"Low income, high child mortality",2.454055653493889,0.3418267135766038,13.19487,14.639388,False
Greece,3,"High income, long-lived",-2.6564176950670313,-1.5140380155023456,-20.48796,-18.329842,False
Grenada,2,"Middle income, in transition",-0.4277776769609944,-0.018841719851659142,0.6355255,-0.44784653,False
Guatemala,2,"Middle income, in transition",0.8825902217626511,-0.33352721121526113,3.6360378,-2.266697,False
Guinea,1,"Low income, high child mortality",3.361784247796134,0.5594822418549984,16.86343,16.736359,False
Guinea-Bissau,1,"Low income, high child mortality",3.1747126799109524,2.6616541071915043e-05,24.944214,18.1587,False
Guyana,2,"Middle income, in transition",0.6503714797813879,1.6495939520166383,12.309822,2.592826,False
Haiti,1,"Low income, high child mortality",3.402540690716183,1.0423732798626704,25.081417,20.48022,False
Hungary,3,"High income, long-lived",-2.526976724532164,1.3574705111678134,-15.536317,-4.2036242,False
Iceland,3,"High income, long-lived",-2.938834327824039,-0.5308769541092337,-24.687187,-14.049757,False
India,1,"Low income, high child mortality",1.8358387637074283,-0.6377902827692216,6.6194873,14.670937,False
Indonesia,2,"Middle income, in transition",1.2252302658699628,-1.166443143438631,3.2044888,10.974063,False
Iran,2,"Middle income, in transition",-0.20918480670843378,-1.7870397023826934,5.267593,-9.203013,False
Iraq,2,"Middle income, in transition",0.9907526905791696,-0.3032336645443431,5.8974633,4.7707214,False
Ireland,3,"High income, long-lived",-4.0646828528107095,2.0924806415284753,-20.497559,-6.462753,True
Israel,3,"High income, long-lived",-2.061843512683196,-0.971174584499053,-26.232042,-17.97746,False
Italy,3,"High income, long-lived",-2.9426393588374333,-1.6335386871480448,-20.923157,-19.570454,False
Jamaica,2,"Middle income, in transition",-0.027664160926385507,-0.06715443316732281,-0.8095098,-2.5176456,False
Japan,3,"High income, long-lived",-3.195185924154984,-2.60203610545175,-19.792423,-21.610657,False
Jordan,2,"Middle income, in transition",-0.06911996506016581,0.9133792559345694,10.131779,-1.6056446,False
Kazakhstan,2,"Middle income, in transition",0.21204975807496793,-0.6072078215451859,-1.2938879,8.959005,False
Kenya,1,"Low income, high child mortality",2.3773850163232595,-0.0040985314565020635,18.126348,22.581207,False
Kiribati,1,"Low income, high child mortality",1.9236726623454063,1.0117283535637993,21.922726,7.019082,False
Kuwait,2,"Middle income, in transition",-1.8671412998838905,-0.6277148969790562,-10.351872,6.9608836,False
Kyrgyz Republic,2,"Middle income, in transition",1.1853448296564273,1.7248147004114713,14.881938,2.9770954,False
Lao,1,"Low income, high child mortality",1.967174919877783,0.6800840466895477,13.101864,13.144043,False
Latvia,3,"High income, long-lived",-2.060332428247821,0.6811434625323668,-12.209925,-5.581951,False
Lebanon,3,"High income, long-lived",-1.8666934577244199,0.24734531137549218,-9.079739,-7.59429,False
Lesotho,1,"Low income, high child mortality",1.9816172455156191,2.3679676089177906,19.999163,6.916576,False
Liberia,1,"Low income, high child mortality",2.88703650229202,1.6733704983802615,21.689896,8.227011,False
Libya,2,"Middle income, in transition",-0.9038526087566104,0.05122320626218685,-8.006705,5.4560823,False
Lithuania,3,"High income, long-lived",-2.0535484449527694,0.9728279589871252,-14.20494,-4.626705,False
Luxembourg,3,"High income, long-lived",-4.699447049421053,2.9542864201828065,-19.694122,-1.1316091,True
"Macedonia, FYR",3,"High income, long-lived",-1.1962011834503088,0.43422125060372246,-7.2033067,-6.327787,False
Madagascar,1,"Low income, high child mortality",3.060233087169472,0.48603820603565007,16.66648,18.55364,False
Malawi,1,"Low income, high child mortality",3.526610257195922,0.1492837734052822,21.360826,17.016283,False
Malaysia,2,"Middle income, in transition",-1.4356111363366086,1.36663196201666,-9.665647,1.826739,False
Maldives,3,"High income, long-lived",-1.296587376659242,1.2348515096383657,8.140347,-3.302762,False
Mali,1,"Low income, high child mortality",3.228035058149236,0.2600231432908104,20.027164,20.316488,False
Malta,3,"High income, long-lived",-3.566848743702364,3.300684345692165,-18.765625,-1.3333263,True
Mauritania,1,"Low income, high child mortality",2.210894456036829,1.2015664050755328,11.443297,13.366476,False
Mauritius,3,"High income, long-lived",-1.34342609189356,0.8210916294123183,-8.889811,-4.453249,False
"Micronesia, Fed. Sts.",1,"Low income, high child mortality",0.930258203358358,1.0546064318689274,21.643217,6.041562,False
Moldova,2,"Middle income, in transition",-0.2927996361671857,0.9544383428375086,-3.7791848,-14.09885,False
Mongolia,2,"Middle income, in transition",1.0903855922202468,0.4071130766657067,3.364557,14.514682,False
Montenegro,3,"High income, long-lived",-1.6041903206489945,0.36337958880355936,-7.73378,-8.565162,False
Morocco,2,"Middle income, in transition",0.3411949039085963,0.18676891078681673,3.189233,-0.27585503,False
Mozambique,1,"Low income, high child mortality",3.420896007045114,0.9555945984600557,18.666574,17.127613,False
Myanmar,1,"Low income, high child mortality",3.1692285823952586,-4.61114885360957,5.1112604,19.811378,True
Namibia,2,"Middle income, in transition",0.968016090159187,1.2547753097588694,9.964607,4.8134913,False
Nepal,1,"Low income, high child mortality",2.376998735030664,-0.8699433028181098,10.280424,20.750193,False
Netherlands,3,"High income, long-lived",-3.4931390802188815,0.546406338269793,-21.659988,-10.788189,False
New Zealand,3,"High income, long-lived",-2.211847078323508,-1.4565145427515218,-24.53572,-18.53677,False
Niger,1,"Low income, high child mortality",3.5623806593058966,0.9469791033755487,19.00071,18.88841,False
Nigeria,1,"Low income, high child mortality",3.651413356960158,-1.763983391025467,10.258431,16.656624,True
Norway,3,"High income, long-lived",-3.0830040757717465,-1.5011570366686549,-25.153376,-15.958621,False
Oman,2,"Middle income, in transition",-1.0489061436461322,-0.06101404593199138,-8.761418,6.491661,False
Pakistan,1,"Low income, high child mortality",2.8659224294771497,-1.228348026779366,6.508192,18.352556,False
Panama,3,"High income, long-lived",-1.2693095812345232,1.4399807186595388,9.243304,-3.6875067,False
Paraguay,2,"Middle income, in transition",0.047940709983793635,0.6938182626910228,8.50404,-0.114369944,False
Peru,2,"Middle income, in transition",-0.07118886678816705,-1.1682043886446674,3.0420089,-6.4664364,False
Philippines,2,"Middle income, in transition",1.1147228921450192,0.10358541500477672,7.6007247,10.065906,False
Poland,3,"High income, long-lived",-2.0631644458263274,-0.33904083157375686,-11.800221,-9.950996,False
Portugal,3,"High income, long-lived",-2.784767928421078,-0.9854528104250473,-19.832712,-17.09123,False
Qatar,3,"High income, long-lived",-2.4055878063976723,-1.070673155384325,-11.238161,7.961809,False
Romania,2,"Middle income, in transition",-1.0664011075514876,-0.4651157077109249,-4.4037175,-5.1941757,False
Russia,2,"Middle income, in transition",-0.6040217878293206,-1.5353929495494185,6.279692,-8.643356,False
Rwanda,1,"Low income, high child mortality",2.578795359743117,-0.5698976010189022,26.120335,17.41406,False
Samoa,2,"Middle income, in transition",0.5849252090904672,0.45193685164534675,2.7136989,1.7442908,False
Saudi Arabia,2,"Middle income, in transition",-0.7859514711137235,-0.6671138991832108,-7.2511425,6.749264,False
Senegal,1,"Low income, high child mortality",2.308221132689653,0.3948664109513878,18.476269,21.439272,False
Serbia,3,"High income, long-lived",-1.3820276470925694,-0.3087593446191186,-5.697811,-10.793161,False
Seychelles,3,"High income, long-lived",-2.266892680157358,3.301447353424093,-21.122297,-5.1766915,True
Sierra Leone,1,"Low income, high child mortality",3.585441951355656,-0.2508064120116249,24.451576,14.834951,False
Singapore,3,"High income, long-lived",-4.954205881429489,3.879341763524617,-19.606905,-0.049197808,True
Slovak Republic,3,"High income, long-lived",-2.6493661244800677,1.3594256521996153,-16.312767,-5.1838183,False
Slovenia,3,"High income, long-lived",-3.2723511538664973,0.7159615331375435,-19.003761,-7.980623,False
Solomon Islands,1,"Low income, high child mortality",1.5192281760390673,1.8764394941658868,16.363792,4.2246,False
South Africa,2,"Middle income, in transition",0.9537231824259557,-0.5564721410211103,7.54645,5.683059,False
South Korea,3,"High income, long-lived",-2.888038811162758,-0.32286003406085156,-14.532827,-10.299278,False
Spain,3,"High income, long-lived",-2.969647187141482,-1.628563243237083,-19.670101,-19.425758,False
Sri Lanka,2,"Middle income, in transition",0.6142281903022668,-1.4516437597996736,2.6384988,9.789536,False
St. Vincent and the Grenadines,2,"Middle income, in transition",-0.0988123496573845,0.21602741768977912,-0.80214125,-1.278277,False
Sudan,1,"Low income, high child mortality",2.6328330605163783,-1.3681571340843783,12.244176,17.368567,False
Suriname,2,"Middle income, in transition",-0.2542975406836305,0.07502614462480488,7.0296235,1.0762848,False
Sweden,3,"High income, long-lived",-3.170726744469387,-0.619094476610143,-23.257135,-14.962951,False
Switzerland,3,"High income, long-lived",-3.878948558602544,0.021265014714938614,-21.120335,-12.074635,False
Tajikistan,1,"Low income, high child mortality",2.18792470629074,0.16898825419016647,11.318864,21.309433,False
Tanzania,1,"Low income, high child mortality",3.035372994810606,-0.3655826897757746,21.185202,18.653162,False
Thailand,2,"Middle income, in transition",-1.2062728853418154,0.9411165776509913,-8.964454,-0.66669667,False
Timor-Leste,1,"Low income, high child mortality",2.7810584084098675,-2.1797481296960046,12.97438,19.48798,True
Togo,1,"Low income, high child mortality",2.543456111055937,1.5620420844695873,19.60386,12.235602,False
Tonga,2,"Middle income, in transition",1.000294443770853,0.023554661067873614,1.7121879,2.5220933,False
Tunisia,2,"Middle income, in transition",-0.72460047067183,0.5760897552732522,7.662788,-1.5266353,False
Turkey,2,"Middle income, in transition",-0.650945511991347,-1.5685526931307254,1.9770232,-8.533226,False
Turkmenistan,2,"Middle income, in transition",0.5704942936897279,1.1879010565193933,9.809904,8.34241,False
Uganda,1,"Low income, high child mortality",3.267087164768734,-0.431601365489231,23.572252,16.964169,False
Ukraine,2,"Middle income, in transition",-0.48533354294226927,0.2479265217109154,-5.6691318,-13.808479,False
United Arab Emirates,3,"High income, long-lived",-2.1632778762447016,0.6387034177250466,-10.182829,4.57747,False
United Kingdom,3,"High income, long-lived",-2.4935404924061593,-1.3425934084408417,-23.389202,-17.987803,False
United States,3,"High income, long-lived",-2.3593039971317378,-2.7613131989128,-24.223015,-21.67091,False
Uruguay,2,"Middle income, in transition",-1.0291919371657934,-1.357650428199947,0.6061607,-9.517624,False
Uzbekistan,2,"Middle income, in transition",1.3487974164176855,-0.5980899518696152,6.451083,12.986842,False
Vanuatu,2,"Middle income, in transition",1.1422682845981325,1.0893115747930138,12.049082,4.725739,False
Venezuela,2,"Middle income, in transition",0.2077262799110791,-2.1381907635984927,7.2536077,-11.465251,False
Vietnam,2,"Middle income, in transition",0.05123888108280671,1.679506220538177,14.429038,0.7184897,False
Yemen,1,"Low income, high child mortality",2.2396106654938266,-0.3112692595548645,11.905419,15.547958,False
Zambia,1,"Low income, high child mortality",2.7906036900105935,0.1557163274551535,15.449487,15.196786,False
