k,inertia,silhouette,davies_bouldin,calinski_harabasz,smallest_cluster,stability_ARI,stability_sd
2,903.3083446903626,0.3371608976494882,1.1323206888035813,109.54080487323311,73,0.9184501894060965,0.10790248713736854
3,744.744590115088,0.24583992325484352,1.3837456868679816,83.48760694046044,48,0.8697109918854738,0.08044152228080406
4,663.8158630971174,0.22191328753282918,1.426988720541368,68.68722784908688,30,0.7774739293868244,0.16168332298221152
5,596.6260332707907,0.21948412851442944,1.4535231473674772,61.526221796413374,23,0.7648296984366624,0.14263054420611315
6,550.6164575912121,0.21728131904882134,1.353059686636583,55.69530231573745,5,0.6029474165089322,0.1506733802287855
7,506.62335874263874,0.2278721369248599,1.2876521840409538,52.445358683827244,5,0.5814281002867596,0.11301001338608324
8,463.92354175525065,0.23688354355231397,1.2422428424698762,50.874502859375916,5,0.6315694350661923,0.1023805287361525
9,431.25939738078847,0.23140359733250124,1.2687120489510906,49.08154356817352,5,0.6377345476962967,0.07670617281869392
10,409.47652070476494,0.2094829069260295,1.3577688630818063,46.58608886885403,5,0.5849647214732415,0.050079819051829615
