rank,cv_PR-AUC,cv_std,n_estimators,max_depth,learning_rate,subsample,colsample_bytree,min_child_weight,scale_pos_weight
1,0.998500153763037,0.0012338187325415947,500,4,0.03,0.8,0.6,5,18.3
2,0.9984177367141815,0.0010781124102052396,150,3,0.05,0.6,1.0,1,18.3
3,0.9982234145530811,0.0013223993878242997,300,6,0.05,1.0,1.0,1,18.3
4,0.998100615493314,0.0011156185052230202,500,6,0.1,1.0,0.6,5,18.3
5,0.9980488487113695,0.0012471685477813935,500,4,0.2,1.0,0.6,10,18.3
6,0.9980237867425056,0.0012447169306120133,300,8,0.05,0.6,1.0,1,18.3
7,0.9980031366887303,0.0016614161603328774,300,8,0.05,0.6,1.0,1,336.3
8,0.9979333168164519,0.0017419907745423093,500,6,0.03,0.6,0.8,1,336.3
9,0.9978891504329485,0.001034840612372006,500,8,0.2,1.0,0.6,1,18.3
10,0.9978698916286654,0.001768808740843422,150,4,0.05,0.8,0.6,10,336.3
11,0.99775472550155,0.0016490992165210223,300,6,0.1,0.6,1.0,5,336.3
12,0.9977176043209838,0.002021821076290726,500,3,0.05,0.6,0.8,1,1.0
13,0.9977101910535168,0.0011833504064838894,150,3,0.05,0.6,0.6,1,336.3
14,0.9976711290664392,0.0015994355990779287,500,8,0.2,0.8,0.6,10,336.3
15,0.9976040151463764,0.0009495009145840032,300,4,0.2,0.6,0.6,5,336.3
16,0.9975316993557047,0.0014419932663537651,500,8,0.1,0.6,1.0,1,336.3
17,0.9972558097455954,0.0024264888278543173,300,6,0.2,0.6,1.0,1,1.0
18,0.9972024206087862,0.001579846168704776,150,6,0.1,1.0,0.8,5,1.0
19,0.9971139868909454,0.0015769788511850386,300,6,0.1,0.6,0.8,10,1.0
20,0.994639828433813,0.001730024249692328,500,6,0.2,0.8,1.0,5,1.0
